gene,variant,clinvar_classification,evidence_tier,functionality,essentiality,chromatin,regulatory,target_lock_score,mission
BCL2,p.Gly101Asp,Pathogenic,"Tier 1 - Anti-apoptotic, venetoclax target",0.5502210140228272,0.35,0.0375,0.1,0.3357023549079895,primary_growth
BRAF,p.Val600Glu,Pathogenic,"Tier 1 - FDA approved drugs (vemurafenib, dabrafenib)",0.6017843246459962,0.352,0.7516,0.101,0.46171451362609867,primary_growth
CXCR4,p.Ser338Gly,Pathogenic,"Tier 2 - Chemokine receptor, homing signal",0.5502422332763672,0.35,0.8847,0.1,0.46278978164672846,primary_growth
HIF1A,p.Pro582Leu,Pathogenic,Tier 1 - Hypoxia master regulator,0.55,0.35,0.7947,0.1,0.449205,primary_growth
ICAM1,p.Arg241Cys,Pathogenic,Tier 2 - Cell adhesion molecule,0.5505272030830384,0.351,0.4425,0.1,0.39690952107906347,primary_growth
KRAS,p.Gly12Asp,Pathogenic,Tier 1 - Common in pancreatic/colorectal cancer,0.5536637783050538,0.354,0.3243,0.103,0.38177732240676876,primary_growth
MET,p.Asp1010Asn,Pathogenic,Tier 1 - FDA approved MET inhibitors,0.5502406835556031,0.35,0.9021,0.1,0.465399239244461,primary_growth
MMP2,p.Pro268Leu,Likely Pathogenic,Tier 2 - Matrix metalloproteinase,0.5504023313522339,0.35,0.3111,0.1,0.3768058159732819,primary_growth
MMP9,p.Arg279Gln,Pathogenic,Tier 2 - Invasion/metastasis,0.55,0.35,0.84,0.1,0.456,primary_growth
NRAS,p.Gln61Arg,Pathogenic,Tier 1 - Melanoma driver,0.55,0.35,0.7091,0.1,0.436365,primary_growth
SNAI1,p.Arg107Cys,Pathogenic,Tier 2 - EMT master regulator,0.5501476287841798,0.35,0.1068,0.1,0.3460716700744629,primary_growth
TGFB1,p.Arg25Cys,Pathogenic,Tier 2 - Colonization promoter,0.55,0.35,0.9584,0.1,0.47376,primary_growth
TWIST1,p.Arg154Gln,Pathogenic,"Tier 2 - EMT regulator, metastasis promoter",0.5501111030578614,0.35,0.1966,0.1,0.35952888607025146,primary_growth
VEGFA,p.Gly88Asp,Pathogenic,Tier 1 - FDA approved anti-VEGF drugs,0.5501877546310425,0.35,0.7786,0.1,0.4468557141208649,primary_growth
BCL2,p.Gly101Asp,Pathogenic,"Tier 1 - Anti-apoptotic, venetoclax target",0.5502210140228272,0.35,0.0375,0.1,0.3357023549079895,local_invasion
BRAF,p.Val600Glu,Pathogenic,"Tier 1 - FDA approved drugs (vemurafenib, dabrafenib)",0.6017843246459962,0.352,0.7516,0.101,0.46171451362609867,local_invasion
CXCR4,p.Ser338Gly,Pathogenic,"Tier 2 - Chemokine receptor, homing signal",0.5502422332763672,0.35,0.8847,0.1,0.46278978164672846,local_invasion
HIF1A,p.Pro582Leu,Pathogenic,Tier 1 - Hypoxia master regulator,0.55,0.35,0.7947,0.1,0.449205,local_invasion
ICAM1,p.Arg241Cys,Pathogenic,Tier 2 - Cell adhesion molecule,0.5505272030830384,0.351,0.4425,0.1,0.39690952107906347,local_invasion
KRAS,p.Gly12Asp,Pathogenic,Tier 1 - Common in pancreatic/colorectal cancer,0.5536637783050538,0.354,0.3243,0.103,0.38177732240676876,local_invasion
MET,p.Asp1010Asn,Pathogenic,Tier 1 - FDA approved MET inhibitors,0.5502406835556031,0.35,0.9021,0.1,0.465399239244461,local_invasion
MMP2,p.Pro268Leu,Likely Pathogenic,Tier 2 - Matrix metalloproteinase,0.5504023313522339,0.35,0.3111,0.1,0.3768058159732819,local_invasion
MMP9,p.Arg279Gln,Pathogenic,Tier 2 - Invasion/metastasis,0.55,0.35,0.84,0.1,0.456,local_invasion
NRAS,p.Gln61Arg,Pathogenic,Tier 1 - Melanoma driver,0.55,0.35,0.7091,0.1,0.436365,local_invasion
SNAI1,p.Arg107Cys,Pathogenic,Tier 2 - EMT master regulator,0.5501476287841798,0.35,0.1068,0.1,0.3460716700744629,local_invasion
TGFB1,p.Arg25Cys,Pathogenic,Tier 2 - Colonization promoter,0.55,0.35,0.9584,0.1,0.47376,local_invasion
TWIST1,p.Arg154Gln,Pathogenic,"Tier 2 - EMT regulator, metastasis promoter",0.5501111030578614,0.35,0.1966,0.1,0.35952888607025146,local_invasion
VEGFA,p.Gly88Asp,Pathogenic,Tier 1 - FDA approved anti-VEGF drugs,0.5501877546310425,0.35,0.7786,0.1,0.4468557141208649,local_invasion
BCL2,p.Gly101Asp,Pathogenic,"Tier 1 - Anti-apoptotic, venetoclax target",0.5502210140228272,0.35,0.0375,0.1,0.3357023549079895,intravasation
BRAF,p.Val600Glu,Pathogenic,"Tier 1 - FDA approved drugs (vemurafenib, dabrafenib)",0.6017843246459962,0.352,0.7516,0.101,0.46171451362609867,intravasation
CXCR4,p.Ser338Gly,Pathogenic,"Tier 2 - Chemokine receptor, homing signal",0.5502422332763672,0.35,0.8847,0.1,0.46278978164672846,intravasation
HIF1A,p.Pro582Leu,Pathogenic,Tier 1 - Hypoxia master regulator,0.55,0.35,0.7947,0.1,0.449205,intravasation
ICAM1,p.Arg241Cys,Pathogenic,Tier 2 - Cell adhesion molecule,0.5505272030830384,0.351,0.4425,0.1,0.39690952107906347,intravasation
KRAS,p.Gly12Asp,Pathogenic,Tier 1 - Common in pancreatic/colorectal cancer,0.5536637783050538,0.354,0.3243,0.103,0.38177732240676876,intravasation
MET,p.Asp1010Asn,Pathogenic,Tier 1 - FDA approved MET inhibitors,0.5502406835556031,0.35,0.9021,0.1,0.465399239244461,intravasation
MMP2,p.Pro268Leu,Likely Pathogenic,Tier 2 - Matrix metalloproteinase,0.5504023313522339,0.35,0.3111,0.1,0.3768058159732819,intravasation
MMP9,p.Arg279Gln,Pathogenic,Tier 2 - Invasion/metastasis,0.55,0.35,0.84,0.1,0.456,intravasation
NRAS,p.Gln61Arg,Pathogenic,Tier 1 - Melanoma driver,0.55,0.35,0.7091,0.1,0.436365,intravasation
SNAI1,p.Arg107Cys,Pathogenic,Tier 2 - EMT master regulator,0.5501476287841798,0.35,0.1068,0.1,0.3460716700744629,intravasation
TGFB1,p.Arg25Cys,Pathogenic,Tier 2 - Colonization promoter,0.55,0.35,0.9584,0.1,0.47376,intravasation
TWIST1,p.Arg154Gln,Pathogenic,"Tier 2 - EMT regulator, metastasis promoter",0.5501111030578614,0.35,0.1966,0.1,0.35952888607025146,intravasation
VEGFA,p.Gly88Asp,Pathogenic,Tier 1 - FDA approved anti-VEGF drugs,0.5501877546310425,0.35,0.7786,0.1,0.4468557141208649,intravasation
BCL2,p.Gly101Asp,Pathogenic,"Tier 1 - Anti-apoptotic, venetoclax target",0.5502210140228272,0.35,0.0375,0.1,0.3357023549079895,survival_in_circulation
BRAF,p.Val600Glu,Pathogenic,"Tier 1 - FDA approved drugs (vemurafenib, dabrafenib)",0.6017843246459962,0.352,0.7516,0.101,0.46171451362609867,survival_in_circulation
CXCR4,p.Ser338Gly,Pathogenic,"Tier 2 - Chemokine receptor, homing signal",0.5502422332763672,0.35,0.8847,0.1,0.46278978164672846,survival_in_circulation
HIF1A,p.Pro582Leu,Pathogenic,Tier 1 - Hypoxia master regulator,0.55,0.35,0.7947,0.1,0.449205,survival_in_circulation
ICAM1,p.Arg241Cys,Pathogenic,Tier 2 - Cell adhesion molecule,0.5505272030830384,0.351,0.4425,0.1,0.39690952107906347,survival_in_circulation
KRAS,p.Gly12Asp,Pathogenic,Tier 1 - Common in pancreatic/colorectal cancer,0.5536637783050538,0.354,0.3243,0.103,0.38177732240676876,survival_in_circulation
MET,p.Asp1010Asn,Pathogenic,Tier 1 - FDA approved MET inhibitors,0.5502406835556031,0.35,0.9021,0.1,0.465399239244461,survival_in_circulation
MMP2,p.Pro268Leu,Likely Pathogenic,Tier 2 - Matrix metalloproteinase,0.5504023313522339,0.35,0.3111,0.1,0.3768058159732819,survival_in_circulation
MMP9,p.Arg279Gln,Pathogenic,Tier 2 - Invasion/metastasis,0.55,0.35,0.84,0.1,0.456,survival_in_circulation
NRAS,p.Gln61Arg,Pathogenic,Tier 1 - Melanoma driver,0.55,0.35,0.7091,0.1,0.436365,survival_in_circulation
SNAI1,p.Arg107Cys,Pathogenic,Tier 2 - EMT master regulator,0.5501476287841798,0.35,0.1068,0.1,0.3460716700744629,survival_in_circulation
TGFB1,p.Arg25Cys,Pathogenic,Tier 2 - Colonization promoter,0.55,0.35,0.9584,0.1,0.47376,survival_in_circulation
TWIST1,p.Arg154Gln,Pathogenic,"Tier 2 - EMT regulator, metastasis promoter",0.5501111030578614,0.35,0.1966,0.1,0.35952888607025146,survival_in_circulation
VEGFA,p.Gly88Asp,Pathogenic,Tier 1 - FDA approved anti-VEGF drugs,0.5501877546310425,0.35,0.7786,0.1,0.4468557141208649,survival_in_circulation
BCL2,p.Gly101Asp,Pathogenic,"Tier 1 - Anti-apoptotic, venetoclax target",0.5502210140228272,0.35,0.0375,0.1,0.3357023549079895,extravasation
BRAF,p.Val600Glu,Pathogenic,"Tier 1 - FDA approved drugs (vemurafenib, dabrafenib)",0.6017843246459962,0.352,0.7516,0.101,0.46171451362609867,extravasation
CXCR4,p.Ser338Gly,Pathogenic,"Tier 2 - Chemokine receptor, homing signal",0.5502422332763672,0.35,0.8847,0.1,0.46278978164672846,extravasation
HIF1A,p.Pro582Leu,Pathogenic,Tier 1 - Hypoxia master regulator,0.55,0.35,0.7947,0.1,0.449205,extravasation
ICAM1,p.Arg241Cys,Pathogenic,Tier 2 - Cell adhesion molecule,0.5505272030830384,0.351,0.4425,0.1,0.39690952107906347,extravasation
KRAS,p.Gly12Asp,Pathogenic,Tier 1 - Common in pancreatic/colorectal cancer,0.5536637783050538,0.354,0.3243,0.103,0.38177732240676876,extravasation
MET,p.Asp1010Asn,Pathogenic,Tier 1 - FDA approved MET inhibitors,0.5502406835556031,0.35,0.9021,0.1,0.465399239244461,extravasation
MMP2,p.Pro268Leu,Likely Pathogenic,Tier 2 - Matrix metalloproteinase,0.5504023313522339,0.35,0.3111,0.1,0.3768058159732819,extravasation
MMP9,p.Arg279Gln,Pathogenic,Tier 2 - Invasion/metastasis,0.55,0.35,0.84,0.1,0.456,extravasation
NRAS,p.Gln61Arg,Pathogenic,Tier 1 - Melanoma driver,0.55,0.35,0.7091,0.1,0.436365,extravasation
SNAI1,p.Arg107Cys,Pathogenic,Tier 2 - EMT master regulator,0.5501476287841798,0.35,0.1068,0.1,0.3460716700744629,extravasation
TGFB1,p.Arg25Cys,Pathogenic,Tier 2 - Colonization promoter,0.55,0.35,0.9584,0.1,0.47376,extravasation
TWIST1,p.Arg154Gln,Pathogenic,"Tier 2 - EMT regulator, metastasis promoter",0.5501111030578614,0.35,0.1966,0.1,0.35952888607025146,extravasation
VEGFA,p.Gly88Asp,Pathogenic,Tier 1 - FDA approved anti-VEGF drugs,0.5501877546310425,0.35,0.7786,0.1,0.4468557141208649,extravasation
BCL2,p.Gly101Asp,Pathogenic,"Tier 1 - Anti-apoptotic, venetoclax target",0.5502210140228272,0.35,0.0375,0.1,0.3357023549079895,micrometastasis_formation
BRAF,p.Val600Glu,Pathogenic,"Tier 1 - FDA approved drugs (vemurafenib, dabrafenib)",0.6017843246459962,0.352,0.7516,0.101,0.46171451362609867,micrometastasis_formation
CXCR4,p.Ser338Gly,Pathogenic,"Tier 2 - Chemokine receptor, homing signal",0.5502422332763672,0.35,0.8847,0.1,0.46278978164672846,micrometastasis_formation
HIF1A,p.Pro582Leu,Pathogenic,Tier 1 - Hypoxia master regulator,0.55,0.35,0.7947,0.1,0.449205,micrometastasis_formation
ICAM1,p.Arg241Cys,Pathogenic,Tier 2 - Cell adhesion molecule,0.5505272030830384,0.351,0.4425,0.1,0.39690952107906347,micrometastasis_formation
KRAS,p.Gly12Asp,Pathogenic,Tier 1 - Common in pancreatic/colorectal cancer,0.5536637783050538,0.354,0.3243,0.103,0.38177732240676876,micrometastasis_formation
MET,p.Asp1010Asn,Pathogenic,Tier 1 - FDA approved MET inhibitors,0.5502406835556031,0.35,0.9021,0.1,0.465399239244461,micrometastasis_formation
MMP2,p.Pro268Leu,Likely Pathogenic,Tier 2 - Matrix metalloproteinase,0.5504023313522339,0.35,0.3111,0.1,0.3768058159732819,micrometastasis_formation
MMP9,p.Arg279Gln,Pathogenic,Tier 2 - Invasion/metastasis,0.55,0.35,0.84,0.1,0.456,micrometastasis_formation
NRAS,p.Gln61Arg,Pathogenic,Tier 1 - Melanoma driver,0.55,0.35,0.7091,0.1,0.436365,micrometastasis_formation
SNAI1,p.Arg107Cys,Pathogenic,Tier 2 - EMT master regulator,0.5501476287841798,0.35,0.1068,0.1,0.3460716700744629,micrometastasis_formation
TGFB1,p.Arg25Cys,Pathogenic,Tier 2 - Colonization promoter,0.55,0.35,0.9584,0.1,0.47376,micrometastasis_formation
TWIST1,p.Arg154Gln,Pathogenic,"Tier 2 - EMT regulator, metastasis promoter",0.5501111030578614,0.35,0.1966,0.1,0.35952888607025146,micrometastasis_formation
VEGFA,p.Gly88Asp,Pathogenic,Tier 1 - FDA approved anti-VEGF drugs,0.5501877546310425,0.35,0.7786,0.1,0.4468557141208649,micrometastasis_formation
BCL2,p.Gly101Asp,Pathogenic,"Tier 1 - Anti-apoptotic, venetoclax target",0.5502210140228272,0.35,0.0375,0.1,0.3357023549079895,angiogenesis
BRAF,p.Val600Glu,Pathogenic,"Tier 1 - FDA approved drugs (vemurafenib, dabrafenib)",0.6017843246459962,0.352,0.7516,0.101,0.46171451362609867,angiogenesis
CXCR4,p.Ser338Gly,Pathogenic,"Tier 2 - Chemokine receptor, homing signal",0.5502422332763672,0.35,0.8847,0.1,0.46278978164672846,angiogenesis
HIF1A,p.Pro582Leu,Pathogenic,Tier 1 - Hypoxia master regulator,0.55,0.35,0.7947,0.1,0.449205,angiogenesis
ICAM1,p.Arg241Cys,Pathogenic,Tier 2 - Cell adhesion molecule,0.5505272030830384,0.351,0.4425,0.1,0.39690952107906347,angiogenesis
KRAS,p.Gly12Asp,Pathogenic,Tier 1 - Common in pancreatic/colorectal cancer,0.5536637783050538,0.354,0.3243,0.103,0.38177732240676876,angiogenesis
MET,p.Asp1010Asn,Pathogenic,Tier 1 - FDA approved MET inhibitors,0.5502406835556031,0.35,0.9021,0.1,0.465399239244461,angiogenesis
MMP2,p.Pro268Leu,Likely Pathogenic,Tier 2 - Matrix metalloproteinase,0.5504023313522339,0.35,0.3111,0.1,0.3768058159732819,angiogenesis
MMP9,p.Arg279Gln,Pathogenic,Tier 2 - Invasion/metastasis,0.55,0.35,0.84,0.1,0.456,angiogenesis
NRAS,p.Gln61Arg,Pathogenic,Tier 1 - Melanoma driver,0.55,0.35,0.7091,0.1,0.436365,angiogenesis
SNAI1,p.Arg107Cys,Pathogenic,Tier 2 - EMT master regulator,0.5501476287841798,0.35,0.1068,0.1,0.3460716700744629,angiogenesis
TGFB1,p.Arg25Cys,Pathogenic,Tier 2 - Colonization promoter,0.55,0.35,0.9584,0.1,0.47376,angiogenesis
TWIST1,p.Arg154Gln,Pathogenic,"Tier 2 - EMT regulator, metastasis promoter",0.5501111030578614,0.35,0.1966,0.1,0.35952888607025146,angiogenesis
VEGFA,p.Gly88Asp,Pathogenic,Tier 1 - FDA approved anti-VEGF drugs,0.5501877546310425,0.35,0.7786,0.1,0.4468557141208649,angiogenesis
BCL2,p.Gly101Asp,Pathogenic,"Tier 1 - Anti-apoptotic, venetoclax target",0.5502210140228272,0.35,0.0375,0.1,0.3357023549079895,metastatic_colonization
BRAF,p.Val600Glu,Pathogenic,"Tier 1 - FDA approved drugs (vemurafenib, dabrafenib)",0.6017843246459962,0.352,0.7516,0.101,0.46171451362609867,metastatic_colonization
CXCR4,p.Ser338Gly,Pathogenic,"Tier 2 - Chemokine receptor, homing signal",0.5502422332763672,0.35,0.8847,0.1,0.46278978164672846,metastatic_colonization
HIF1A,p.Pro582Leu,Pathogenic,Tier 1 - Hypoxia master regulator,0.55,0.35,0.7947,0.1,0.449205,metastatic_colonization
ICAM1,p.Arg241Cys,Pathogenic,Tier 2 - Cell adhesion molecule,0.5505272030830384,0.351,0.4425,0.1,0.39690952107906347,metastatic_colonization
KRAS,p.Gly12Asp,Pathogenic,Tier 1 - Common in pancreatic/colorectal cancer,0.5536637783050538,0.354,0.3243,0.103,0.38177732240676876,metastatic_colonization
MET,p.Asp1010Asn,Pathogenic,Tier 1 - FDA approved MET inhibitors,0.5502406835556031,0.35,0.9021,0.1,0.465399239244461,metastatic_colonization
MMP2,p.Pro268Leu,Likely Pathogenic,Tier 2 - Matrix metalloproteinase,0.5504023313522339,0.35,0.3111,0.1,0.3768058159732819,metastatic_colonization
MMP9,p.Arg279Gln,Pathogenic,Tier 2 - Invasion/metastasis,0.55,0.35,0.84,0.1,0.456,metastatic_colonization
NRAS,p.Gln61Arg,Pathogenic,Tier 1 - Melanoma driver,0.55,0.35,0.7091,0.1,0.436365,metastatic_colonization
SNAI1,p.Arg107Cys,Pathogenic,Tier 2 - EMT master regulator,0.5501476287841798,0.35,0.1068,0.1,0.3460716700744629,metastatic_colonization
TGFB1,p.Arg25Cys,Pathogenic,Tier 2 - Colonization promoter,0.55,0.35,0.9584,0.1,0.47376,metastatic_colonization
TWIST1,p.Arg154Gln,Pathogenic,"Tier 2 - EMT regulator, metastasis promoter",0.5501111030578614,0.35,0.1966,0.1,0.35952888607025146,metastatic_colonization
VEGFA,p.Gly88Asp,Pathogenic,Tier 1 - FDA approved anti-VEGF drugs,0.5501877546310425,0.35,0.7786,0.1,0.4468557141208649,metastatic_colonization
